<?xml version="1.0" encoding="UTF-8"?>
<project-private xmlns="http://www.netbeans.org/ns/project-private/1">
    <editor-bookmarks xmlns="http://www.netbeans.org/ns/editor-bookmarks/2" lastBookmarkId="0"/>
    <open-files xmlns="http://www.netbeans.org/ns/projectui-open-files/2">
        <group>
            <file>file:/C:/Users/orowo/OneDrive%20-%20Technological%20University%20Dublin/4th%20Year/CMAP4604/lms_demo/src/Librarian.java</file>
            <file>file:/C:/Users/orowo/OneDrive%20-%20Technological%20University%20Dublin/4th%20Year/CMAP4604/lms_demo/src/view.java</file>
        </group>
    </open-files>
</project-private>
